scheme,load,run,total_arrivals,blocked,dropped,success,total_mapped_vnfs,migrated_vnfs,total_state_mb,migrated_state_mb,predeployment_count,handoff_with_replica,handoff_without_replica,energy_idle_j,energy_load_j,energy_mig_j,energy_total_j,avg_delay_steps
PCM,0,1,0,0,0,0,0,0,0.0,0.0,0,0,0,1773575.7349,0.0,0.0,1773575.7349,0.0
PCM,0,2,0,0,0,0,0,0,0.0,0.0,0,0,0,1773575.7349,0.0,0.0,1773575.7349,0.0
PCM,0,3,0,0,0,0,0,0,0.0,0.0,0,0,0,1773575.7349,0.0,0.0,1773575.7349,0.0
PCM,0,4,0,0,0,0,0,0,0.0,0.0,0,0,0,1773575.7349,0.0,0.0,1773575.7349,0.0
PCM,0,5,0,0,0,0,0,0,0.0,0.0,0,0,0,1773575.7349,0.0,0.0,1773575.7349,0.0
PCM,100,6,199,0,43,156,639,93,5298.1813,958.3487,35,5,23,1773575.7349,90.8869,11.9335,1773678.5553,5.7756
PCM,100,7,200,0,56,144,658,150,5686.7944,1604.7326,27,9,37,1773575.7349,91.5302,19.8373,1773687.1025,5.5694
PCM,100,8,207,0,64,143,701,226,6275.8726,2689.0119,33,13,57,1773575.7349,106.5709,32.7201,1773715.0259,5.4406
PCM,100,9,188,0,48,140,619,89,5462.8447,1107.6914,30,7,20,1773575.7349,100.0397,13.1469,1773688.9216,5.7286
PCM,100,10,222,0,56,166,726,188,6112.3218,2000.0683,37,9,48,1773575.7349,117.5969,24.8907,1773718.2224,5.6205
PCM,200,11,388,0,90,298,1241,203,10594.9351,2274.8925,43,12,50,1773575.7349,174.3049,27.8689,1773777.9087,5.8289
PCM,200,12,402,0,103,299,1311,222,11003.6039,2374.3629,65,23,54,1773575.7349,189.519,29.3736,1773794.6275,5.689
PCM,200,13,438,0,117,321,1437,276,12225.53,3364.3637,78,28,69,1773575.7349,223.3403,40.8236,1773839.8989,5.6044
PCM,200,14,394,0,118,276,1313,321,11483.1328,3763.1696,59,22,82,1773575.7349,206.9082,46.0517,1773828.6948,5.6341
PCM,200,15,404,0,109,295,1318,258,11166.8493,2692.3912,61,16,67,1773575.7349,194.4982,33.7839,1773804.0171,5.5593
PCM,300,16,608,0,173,435,2031,396,17915.2712,4618.3718,89,29,97,1773575.7349,317.8107,56.1737,1773949.7193,5.6046
PCM,300,17,609,0,149,460,1949,453,16293.8813,5494.5473,87,31,115,1773575.7349,271.228,66.7555,1773913.7184,5.6674
PCM,300,18,614,0,148,466,1978,389,16425.0022,4257.1255,97,24,101,1773575.7349,281.1611,52.9113,1773909.8073,5.6824
PCM,300,19,601,0,124,477,1887,331,15229.466,3745.7647,71,24,95,1773575.7349,226.2386,47.1976,1773849.1712,5.9057
PCM,300,20,600,0,176,424,2038,436,17958.5909,5065.1232,112,45,110,1773575.7349,327.1833,62.1012,1773965.0194,5.6934
PCM,400,21,833,0,201,632,2725,542,22948.4715,6134.5569,124,39,137,1773575.7349,425.3458,75.4356,1774076.5163,5.7025
PCM,400,22,900,0,196,704,2890,535,24192.4548,6328.4255,154,53,142,1773575.7349,405.3227,78.0143,1774059.0718,5.6335
PCM,400,23,847,0,234,613,2744,587,23617.7796,7104.7466,132,44,149,1773575.7349,418.7755,86.3875,1774080.8978,5.5563
PCM,400,24,870,0,211,659,2803,543,22916.5328,6221.0684,127,41,133,1773575.7349,388.9441,75.9207,1774040.5997,5.7132
PCM,400,25,802,0,199,603,2579,433,21652.1207,5163.895,132,35,113,1773575.7349,395.6646,63.2889,1774034.6885,5.6998
PCM,500,26,1032,0,275,757,3368,695,29078.3105,7906.6214,180,53,181,1773575.7349,534.7548,97.6962,1774208.1859,5.605
PCM,500,27,1028,0,238,790,3306,597,27628.4349,6545.119,137,39,151,1773575.7349,477.3869,80.9412,1774134.063,5.6696
PCM,500,28,1081,0,274,807,3510,681,29740.0525,7780.3123,176,51,174,1773575.7349,533.5966,95.7131,1774205.0446,5.5985
PCM,500,29,1030,0,269,761,3361,622,29104.1217,7047.9228,177,42,164,1773575.7349,523.5516,87.2992,1774186.5858,5.5756
PCM,500,30,1079,0,256,823,3489,649,29397.2393,7314.2451,162,56,161,1773575.7349,488.5395,89.8025,1774154.0769,5.7375
PCM,600,31,1209,0,311,898,3964,696,33641.8503,8008.4195,188,58,170,1773575.7349,601.0295,97.6642,1774274.4286,5.6548
PCM,600,32,1251,0,301,950,4106,912,35380.182,10488.2351,221,68,241,1773575.7349,635.3833,129.6624,1774340.7805,5.6021
PCM,600,33,1295,0,317,978,4204,735,35278.6713,8244.045,213,70,184,1773575.7349,609.109,101.5405,1774286.3843,5.7301
PCM,600,34,1282,0,306,976,4139,908,34695.9541,10104.7541,207,51,242,1773575.7349,609.1451,125.7575,1774310.6376,5.6465
PCM,600,35,1237,0,354,883,4031,929,35035.4959,10710.4491,206,62,240,1773575.7349,641.6327,131.7245,1774349.0921,5.6421
PCM,700,36,1410,0,381,1029,4628,914,39655.5135,10470.0965,232,79,226,1773575.7349,664.9038,128.091,1774368.7296,5.7454
PCM,700,37,1471,0,351,1120,4790,915,40244.882,10398.8262,251,94,236,1773575.7349,738.49,128.5283,1774442.7532,5.6
PCM,700,38,1459,0,372,1087,4743,1042,39345.0552,12145.5395,215,49,258,1773575.7349,713.7893,147.7454,1774437.2696,5.7452
PCM,700,39,1449,0,362,1087,4705,881,39072.8128,9930.6102,228,60,228,1773575.7349,698.2148,122.7061,1774396.6558,5.6467
PCM,700,40,1495,0,364,1131,4798,948,40239.7004,10966.0388,255,84,240,1773575.7349,712.9271,134.5004,1774423.1624,5.5995
PCM,800,41,1690,0,429,1261,5524,1206,47345.0164,13546.0289,269,97,303,1773575.7349,815.579,166.7303,1774558.0441,5.755
PCM,800,42,1677,0,449,1228,5513,1072,47327.2878,12380.5857,284,85,273,1773575.7349,852.1212,151.9559,1774579.8119,5.6873
PCM,800,43,1568,0,400,1168,5083,1064,42863.2271,12257.938,270,88,282,1773575.7349,769.1072,151.6594,1774496.5015,5.6926
PCM,800,44,1694,0,430,1264,5516,1128,46914.7325,13259.8151,279,96,288,1773575.7349,828.4962,162.3582,1774566.5892,5.6994
PCM,800,45,1675,0,417,1258,5392,905,45145.706,10278.1797,292,93,228,1773575.7349,797.1379,126.5118,1774499.3846,5.5477
PCM,900,46,1847,0,474,1373,6005,1183,50419.0132,13483.1225,316,107,309,1773575.7349,904.7135,166.8012,1774647.2497,5.6883
PCM,900,47,1892,0,469,1423,6110,1083,51596.0242,11932.7982,296,99,279,1773575.7349,896.5699,148.218,1774620.5228,5.5657
PCM,900,48,1889,0,475,1414,6176,1187,52096.6243,13651.1795,328,105,296,1773575.7349,950.6152,167.1618,1774693.5119,5.6351
PCM,900,49,1919,0,476,1443,6244,1213,52896.5035,13575.7521,354,124,303,1773575.7349,952.9304,167.2975,1774695.9628,5.6403
PCM,900,50,1896,0,524,1372,6229,1303,52972.9283,14518.365,322,102,343,1773575.7349,941.615,180.5037,1774697.8536,5.6465
PCM,1000,51,2020,0,510,1510,6496,1410,54408.6828,15972.8944,323,96,362,1773575.7349,975.8986,196.8889,1774748.5225,5.6278
PCM,1000,52,2032,0,519,1513,6644,1310,56641.0495,15231.6872,335,122,327,1773575.7349,1021.6384,186.2369,1774783.6101,5.6999
PCM,1000,53,2176,0,546,1630,7089,1477,60175.2653,16539.6059,364,118,392,1773575.7349,1039.0803,205.7761,1774820.5913,5.673
PCM,1000,54,2082,0,521,1561,6715,1426,57202.2457,15998.3997,345,123,371,1773575.7349,1016.9444,198.314,1774790.9933,5.6438
PCM,1000,55,2131,0,537,1594,6890,1472,58662.3213,16469.6548,356,123,393,1773575.7349,1073.8287,205.2265,1774854.7902,5.623
