scheme,load,run,total_arrivals,blocked,dropped,success,total_mapped_vnfs,migrated_vnfs,total_state_mb,migrated_state_mb,split_count,energy_idle_j,energy_load_j,energy_mig_j,energy_total_j,avg_delay_steps
SCM,0,1,0,0,0,0,0,0,0.0,0.0,0,1761609.4917,0.0,0.0,1761609.4917,0.0
SCM,0,2,0,0,0,0,0,0,0.0,0.0,0,1761609.4917,0.0,0.0,1761609.4917,0.0
SCM,0,3,0,0,0,0,0,0,0.0,0.0,0,1761609.4917,0.0,0.0,1761609.4917,0.0
SCM,0,4,0,0,0,0,0,0,0.0,0.0,0,1761609.4917,0.0,0.0,1761609.4917,0.0
SCM,0,5,0,0,0,0,0,0,0.0,0.0,0,1761609.4917,0.0,0.0,1761609.4917,0.0
SCM,100,6,199,0,43,156,639,132,5298.1813,1426.5733,0,1761609.4917,80.3422,17.4657,1761707.2995,5.7756
SCM,100,7,200,0,56,144,658,267,5686.7944,2958.0729,0,1761609.4917,95.7108,36.3807,1761741.5832,5.5694
SCM,100,8,207,0,64,143,701,232,6275.8726,2561.037,0,1761609.4917,93.9207,31.8104,1761735.2228,5.4406
SCM,100,9,188,0,48,140,619,130,5462.8447,1405.9111,0,1761609.4917,84.0657,17.1591,1761710.7164,5.7286
SCM,100,10,222,0,56,166,726,185,6112.3218,1801.7734,0,1761609.4917,94.3329,23.1177,1761726.9423,5.6205
SCM,200,11,388,0,90,298,1241,324,10594.9351,3811.0523,0,1761609.4917,157.2112,45.9105,1761812.6134,5.8289
SCM,200,12,402,0,103,299,1311,465,11003.6039,5098.763,0,1761609.4917,182.0437,62.5876,1761854.1229,5.689
SCM,200,13,438,0,117,321,1437,504,12225.53,5841.0349,0,1761609.4917,207.6552,70.8103,1761887.9572,5.6044
SCM,200,14,394,0,118,276,1313,467,11483.1328,5211.1924,0,1761609.4917,185.6398,64.0119,1761859.1433,5.6341
SCM,200,15,404,0,109,295,1318,351,11166.8493,3649.775,0,1761609.4917,176.5623,45.2978,1761831.3517,5.5593
SCM,300,16,608,0,173,435,2031,629,17915.2712,7265.4154,0,1761609.4917,290.0277,87.8542,1761987.3736,5.6046
SCM,300,17,609,0,149,460,1949,639,16293.8813,7450.4132,0,1761609.4917,255.8577,90.1041,1761955.4535,5.6674
SCM,300,18,614,0,148,466,1978,659,16425.0022,7171.0448,0,1761609.4917,272.9846,88.2104,1761970.6867,5.6824
SCM,300,19,601,0,124,477,1887,504,15229.466,5573.5527,0,1761609.4917,223.3444,69.1355,1761901.9715,5.9057
SCM,300,20,600,0,176,424,2038,660,17958.5909,7434.3322,0,1761609.4917,281.2756,90.6433,1761981.4106,5.6934
SCM,400,21,833,0,201,632,2725,748,22948.4715,8282.2206,0,1761609.4917,372.1809,101.9222,1762083.5947,5.7025
SCM,400,22,900,0,196,704,2890,874,24192.4548,10255.8171,0,1761609.4917,385.5745,124.8582,1762119.9244,5.6335
SCM,400,23,847,0,234,613,2744,849,23617.7796,9899.1793,0,1761609.4917,363.5725,120.0918,1762093.1559,5.5563
SCM,400,24,870,0,211,659,2803,825,22916.5328,9241.18,0,1761609.4917,355.2799,112.8118,1762077.5833,5.7132
SCM,400,25,802,0,199,603,2579,732,21652.1207,8425.5546,0,1761609.4917,338.4138,102.3555,1762050.261,5.6998
SCM,500,26,1032,0,275,757,3368,1042,29078.3105,11976.7815,0,1761609.4917,458.6816,146.3678,1762214.5411,5.605
SCM,500,27,1028,0,238,790,3306,887,27628.4349,9531.1054,0,1761609.4917,428.0311,117.2111,1762154.7338,5.6696
SCM,500,28,1081,0,274,807,3510,1052,29740.0525,11853.196,0,1761609.4917,476.0654,144.732,1762230.289,5.5985
SCM,500,29,1030,0,269,761,3361,1043,29104.1217,11880.7124,0,1761609.4917,468.4277,145.5071,1762223.4265,5.5756
SCM,500,30,1079,0,256,823,3489,988,29397.2393,11216.2306,0,1761609.4917,444.801,136.3623,1762190.6549,5.7375
SCM,600,31,1209,0,311,898,3964,1114,33641.8503,12492.5029,0,1761609.4917,543.341,151.625,1762304.4577,5.6548
SCM,600,32,1251,0,301,950,4106,1513,35380.182,17251.2147,0,1761609.4917,601.7819,210.8121,1762422.0857,5.6021
SCM,600,33,1295,0,317,978,4204,1280,35278.6713,14428.6394,0,1761609.4917,557.8553,175.4864,1762342.8333,5.7301
SCM,600,34,1282,0,306,976,4139,1284,34695.9541,14555.2137,0,1761609.4917,556.6131,178.5521,1762344.6569,5.6465
SCM,600,35,1237,0,354,883,4031,1395,35035.4959,15830.8101,0,1761609.4917,577.757,192.5081,1762379.7568,5.6421
SCM,700,36,1410,0,381,1029,4628,1535,39655.5135,17241.1875,0,1761609.4917,638.4017,209.8119,1762457.7053,5.7454
SCM,700,37,1471,0,351,1120,4790,1522,40244.882,16377.6679,0,1761609.4917,639.8221,203.3767,1762452.6904,5.6
SCM,700,38,1459,0,372,1087,4743,1435,39345.0552,16024.2002,0,1761609.4917,608.1309,196.142,1762413.7646,5.7452
SCM,700,39,1449,0,362,1087,4705,1362,39072.8128,15105.1105,0,1761609.4917,626.7129,185.1511,1762421.3557,5.6467
SCM,700,40,1495,0,364,1131,4798,1461,40239.7004,16143.9219,0,1761609.4917,611.507,198.5392,1762419.5378,5.5995
SCM,800,41,1690,0,429,1261,5524,1834,47345.0164,20447.6357,0,1761609.4917,748.834,250.4764,1762608.802,5.755
SCM,800,42,1677,0,449,1228,5513,1598,47327.2878,17543.7163,1,1761609.4917,774.4264,216.1372,1762600.0552,5.6873
SCM,800,43,1568,0,400,1168,5083,1532,42863.2271,17075.463,0,1761609.4917,687.4045,210.9546,1762507.8508,5.6926
SCM,800,44,1694,0,430,1264,5516,1755,46914.7325,19717.4606,0,1761609.4917,744.4163,241.2746,1762595.1825,5.6994
SCM,800,45,1675,0,417,1258,5392,1615,45145.706,17974.4426,1,1761609.4917,701.2559,220.3444,1762531.0919,5.5477
SCM,900,46,1847,0,474,1373,6005,2098,50419.0132,23556.9308,0,1761609.4917,818.6553,288.1693,1762716.3162,5.6883
SCM,900,47,1892,0,469,1423,6110,1822,51596.0242,19961.6831,1,1761609.4917,796.7037,245.7168,1762651.9122,5.5657
SCM,900,48,1889,0,475,1414,6176,1960,52096.6243,22222.4453,0,1761609.4917,847.5147,270.4245,1762727.4308,5.6351
SCM,900,49,1919,0,476,1443,6244,2048,52896.5035,22885.7836,0,1761609.4917,853.7999,279.0578,1762742.3494,5.6403
SCM,900,50,1896,0,524,1372,6229,2112,52972.9283,23616.3337,0,1761609.4917,868.1509,289.3633,1762767.0058,5.6465
SCM,1000,51,2020,0,510,1510,6496,1997,54408.6828,22458.6426,0,1761609.4917,831.1459,275.5864,1762716.224,5.6278
SCM,1000,52,2032,0,519,1513,6644,2174,56641.0495,24236.0711,0,1761609.4917,924.3776,296.4607,1762830.33,5.6999
SCM,1000,53,2176,0,546,1630,7089,2328,60175.2653,25898.6716,0,1761609.4917,962.3745,318.8867,1762890.7529,5.673
SCM,1000,54,2082,0,521,1561,6715,2308,57202.2457,26109.237,0,1761609.4917,923.2664,319.0924,1762851.8504,5.6438
SCM,1000,55,2131,0,537,1594,6890,2247,58662.3213,24826.483,0,1761609.4917,903.5855,305.8648,1762818.942,5.623
